{
    "model_type": "LogisticRegression",
    "hyperparameters": {
        "class_weight": "balanced",
        "C": 1.0,
        "penalty": "deprecated",
        "solver": "lbfgs",
        "max_iter": 1000
    },
    "metrics": {
        "optimal_threshold": 0.9967962737480612,
        "accuracy": 0.9863325740318907,
        "precision": 1.0,
        "recall": 0.25,
        "f1_score": 0.4,
        "roc_auc": 0.5809164733178654,
        "pr_auc": 0.32084220097396554
    }
}