{
    "model_type": "LogisticRegression",
    "hyperparameters": {
        "class_weight": "balanced",
        "C": 1.0,
        "penalty": "deprecated",
        "solver": "lbfgs",
        "max_iter": 1000
    },
    "metrics": {
        "optimal_threshold": 0.40857660828208636,
        "accuracy": 0.48519362186788156,
        "precision": 0.021929824561403508,
        "recall": 0.625,
        "f1_score": 0.0423728813559322,
        "roc_auc": 0.46548723897911837,
        "pr_auc": 0.015786142722624755
    }
}